Name,Matriculation Number,Score,Percentage,Numerical Grade
Leona Hasani,234567,13.0,56.52173913043478,3.67
Nanmanat Disayakamonpan,345678,18.5,80.43478260869566,2.0
Leona Hoxha,123456,3.0,13.043478260869565,5.0
